Customer ID,Customer Name,City,LoginID,Password,LoginType
12520,Claire Gute,Henderson,12520,12520,CUSTOMER
13045,Darrin Van Huff,Los Angeles,13045,13045,CUSTOMER
20335,Sean O'Donnell,Fort Lauderdale,20335,20335,CUSTOMER
11710,Brosina Hoffman,0,11710,11710,CUSTOMER
10480,Andrew Allen,Concord,10480,10480,CUSTOMER
15070,Irene Maddox,Seattle,15070,15070,CUSTOMER
14815,Harold Pawlan,Fort Worth,14815,14815,CUSTOMER
19075,Pete Kriz,Madison,19075,19075,CUSTOMER
10270,Alejandro Grove,West Jordan,10270,10270,CUSTOMER
21925,Zuschuss Donatelli,San Francisco,21925,21925,CUSTOMER
16585,Ken Black,Fremont,16585,16585,CUSTOMER
20065,Sandra Flanagan,Philadelphia,20065,20065,CUSTOMER
13870,Emily Burns,Orem,13870,13870,CUSTOMER
13945,Eric Hoffmann,0,13945,13945,CUSTOMER
21520,Tracy Blumstein,0,21520,21520,CUSTOMER
17560,Matt Abelman,Houston,17560,17560,CUSTOMER
14485,Gene Hale,Richardson,14485,14485,CUSTOMER
20710,Steve Nguyen,0,20710,20710,CUSTOMER
16930,Linda Cazamias,Naperville,16930,16930,CUSTOMER
19885,Ruben Ausman,0,19885,19885,CUSTOMER
14080,Erin Smith,Melbourne,14080,14080,CUSTOMER
18715,Odella Nelson,Eagan,18715,18715,CUSTOMER
18865,Patrick O'Donnell,Westland,18865,18865,CUSTOMER
16900,Lena Hernandez,Dover,16900,16900,CUSTOMER
13000,Darren Powers,New Albany,13000,13000,CUSTOMER
15265,Janet Molinari,New York City,15265,15265,CUSTOMER
21055,Ted Butterfield,Troy,21055,21055,CUSTOMER
16720,Kunst Miller,0,16720,16720,CUSTOMER
18970,Paul Stevenson,Chicago,18970,18970,CUSTOMER
11590,Brendan Sweed,Gilbert,11590,11590,CUSTOMER
16270,Karen Daniels,Springfield,16270,16270,CUSTOMER
14980,Henry MacAllister,0,14980,14980,CUSTOMER
15745,Joel Eaton,Memphis,15745,15745,CUSTOMER
16600,Ken Brennan,0,16600,16600,CUSTOMER
20770,Stewart Carmichael,Decatur,20770,20770,CUSTOMER
13690,Duane Noonan,0,13690,13690,CUSTOMER
16105,Julie Creighton,Durham,16105,16105,CUSTOMER
12400,Christopher Schild,0,12400,12400,CUSTOMER
18895,Paul Gonzalez,Rochester,18895,18895,CUSTOMER
14455,Gary Mitchum,0,14455,14455,CUSTOMER
15685,Jim Sink,0,15685,15685,CUSTOMER
16315,Karl Braun,Minneapolis,16315,16315,CUSTOMER
19705,Roger Barcio,Portland,19705,19705,CUSTOMER
18775,Parhena Norris,0,18775,18775,CUSTOMER
16345,Katherine Ducich,0,16345,16345,CUSTOMER
13855,Elpida Rittenbach,Saint Paul,13855,13855,CUSTOMER
19465,Rick Bensley,0,19465,19465,CUSTOMER
14470,Gary Zandusky,0,14470,14470,CUSTOMER
16870,Lena Cacioppo,Aurora,16870,16870,CUSTOMER
15250,Janet Martin,Charlotte,15250,15250,CUSTOMER
19060,Pete Armstrong,Orland Park,19060,19060,CUSTOMER
12805,Cynthia Voltz,0,12805,12805,CUSTOMER
12565,Clay Ludtke,Urbandale,12565,12565,CUSTOMER
19960,Ryan Crowe,Columbus,19960,19960,CUSTOMER
13090,Dave Kipp,0,13090,13090,CUSTOMER
14650,Greg Guthrie,Bristol,14650,14650,CUSTOMER
20725,Steven Cartwright,Wilmington,20725,20725,CUSTOMER
10180,Alan Dominguez,0,10180,10180,CUSTOMER
19165,Philip Fox,Bloomington,19165,19165,CUSTOMER
21610,Troy Staebel,Phoenix,21610,21610,CUSTOMER
16975,Lindsay Shagiari,0,16975,16975,CUSTOMER
13585,Dorothy Wardle,0,13585,13585,CUSTOMER
16885,Lena Creighton,Roseville,16885,16885,CUSTOMER
15895,Jonathan Doherty,0,15895,15895,CUSTOMER
19975,Sally Hughsby,0,19975,19975,CUSTOMER
20080,Sandra Glassco,Independence,20080,20080,CUSTOMER
14920,Helen Andreada,Pasadena,14920,14920,CUSTOMER
17680,Maureen Gastineau,Newark,17680,17680,CUSTOMER
16165,Justin Ellison,Franklin,16165,16165,CUSTOMER
21025,Tamara Willingham,Scottsdale,21025,21025,CUSTOMER
20650,Stephanie Phelps,San Jose,20650,20650,CUSTOMER
18490,Neil Knudson,0,18490,18490,CUSTOMER
13060,Dave Brooks,0,13060,13060,CUSTOMER
18670,Nora Paige,Edmond,18670,18670,CUSTOMER
21070,Ted Trevino,0,21070,21070,CUSTOMER
13960,Eric Murdock,0,13960,13960,CUSTOMER
19900,Ruben Dartt,Carlsbad,19900,19900,CUSTOMER
17740,Max Jones,0,17740,17740,CUSTOMER
11140,Becky Martin,San Antonio,11140,11140,CUSTOMER
12130,Chad Sievert,0,12130,12130,CUSTOMER
15400,Jennifer Braxton,0,15400,15400,CUSTOMER
20500,Shirley Jackson,0,20500,20500,CUSTOMER
15640,Jim Kriz,0,15640,15640,CUSTOMER
13150,David Kendrick,0,13150,13150,CUSTOMER
19675,Robert Marley,Monroe,19675,19675,CUSTOMER
19990,Sally Knutson,Fairfield,19990,19990,CUSTOMER
14290,Frank Merwin,0,14290,14290,CUSTOMER
10360,Alice McCarthy,Grand Prairie,10360,10360,CUSTOMER
17470,Mark Packer,0,17470,17470,CUSTOMER
17515,Mary Zewe,Redlands,17515,17515,CUSTOMER
12025,Cassandra Brandow,Hamilton,12025,12025,CUSTOMER
21685,Valerie Mitchum,Westfield,21685,21685,CUSTOMER
14365,Fred Hopkins,0,14365,14365,CUSTOMER
17305,Maria Bertelson,Akron,17305,17305,CUSTOMER
11755,Bruce Stewart,Denver,11755,11755,CUSTOMER
17140,Logan Currie,Dallas,17140,17140,CUSTOMER
14890,Heather Kirkland,0,14890,14890,CUSTOMER
16810,Laurel Elliston,Whittier,16810,16810,CUSTOMER
15985,Joseph Holt,Saginaw,15985,15985,CUSTOMER
17980,Michael Stewart,0,17980,17980,CUSTOMER
21775,Victoria Wilson,Medina,21775,21775,CUSTOMER
15910,Jonathan Howell,0,15910,15910,CUSTOMER
15925,Joni Blumstein,Dublin,15925,15925,CUSTOMER
13180,David Smith,Detroit,13180,13180,CUSTOMER
21670,Valerie Dominguez,0,21670,21670,CUSTOMER
14035,Erin Ashbrook,0,14035,14035,CUSTOMER
13120,David Bremer,Santa Clara,13120,13120,CUSTOMER
16645,Ken Lonsdale,0,16645,16645,CUSTOMER
13480,Dianna Wilson,Lakeville,13480,13480,CUSTOMER
17155,Logan Haushalter,0,17155,17155,CUSTOMER
16540,Kelly Collister,San Diego,16540,16540,CUSTOMER
13315,Delfina Latchford,0,13315,13315,CUSTOMER
12880,Dan Reichenbach,0,12880,12880,CUSTOMER
12670,Craig Carreira,0,12670,12670,CUSTOMER
13600,Dorris liebe,0,13600,13600,CUSTOMER
20290,Sean Braxton,0,20290,20290,CUSTOMER
19825,Roy Collins,0,19825,19825,CUSTOMER
10210,Alan Hwang,Brentwood,10210,10210,CUSTOMER
12535,Claudia Bergmann,Chapel Hill,12535,12535,CUSTOMER
12310,Christine Abelman,Cincinnati,12310,12310,CUSTOMER
16690,Kristen Hastings,0,16690,16690,CUSTOMER
10990,Barry Blumstein,Inglewood,10990,10990,CUSTOMER
10495,Andrew Gjertsen,0,10495,10495,CUSTOMER
15280,Jas O'Carroll,0,15280,15280,CUSTOMER
10195,Alan Haines,Tamarac,10195,10195,CUSTOMER
18565,Nick Zandusky,0,18565,18565,CUSTOMER
16555,Kelly Lampkin,Colorado Springs,16555,16555,CUSTOMER
10225,Alan Schoenberger,0,10225,10225,CUSTOMER
12625,Corey Roper,Lakewood,12625,12625,CUSTOMER
20395,Shahid Hopkins,Arlington,20395,20395,CUSTOMER
11185,Ben Peterman,Arvada,11185,11185,CUSTOMER
21205,Thomas Seio,Hackensack,21205,21205,CUSTOMER
10525,Andy Gerbode,Saint Petersburg,10525,10525,CUSTOMER
20860,Sung Pak,0,20860,20860,CUSTOMER
18445,Nathan Mautz,0,18445,18445,CUSTOMER
14230,Frank Atkinson,Long Beach,14230,14230,CUSTOMER
14620,Grace Kelly,Hesperia,14620,14620,CUSTOMER
13510,Don Jones,Murfreesboro,13510,13510,CUSTOMER
18850,Patrick O'Brill,0,18850,18850,CUSTOMER
15850,John Lucas,0,15850,15850,CUSTOMER
13615,Doug Bickford,0,13615,13615,CUSTOMER
10420,Alyssa Crouse,0,10420,10420,CUSTOMER
12550,Clay Cheatham,0,12550,12550,CUSTOMER
20995,Tamara Dahlen,Lowell,20995,20995,CUSTOMER
10060,Adam Bellavance,0,10060,10060,CUSTOMER
15505,Jeremy Lonsdale,0,15505,15505,CUSTOMER
21745,Victoria Brennan,0,21745,21745,CUSTOMER
16435,Katrina Willman,0,16435,16435,CUSTOMER
16060,Julia Dunbar,0,16060,16060,CUSTOMER
17905,Michael Kennedy,Manchester,17905,17905,CUSTOMER
14755,Guy Thornton,Harlingen,14755,14755,CUSTOMER
10900,Arthur Gainer,Tucson,10900,10900,CUSTOMER
18280,Muhammed MacIntyre,Quincy,18280,18280,CUSTOMER
10405,Allen Rosenblatt,0,10405,10405,CUSTOMER
19915,Russell Applegate,0,19915,19915,CUSTOMER
10285,Alejandro Savely,0,10285,10285,CUSTOMER
16780,Laura Armstrong,0,16780,16780,CUSTOMER
13435,Denny Ordway,Pembroke Pines,13435,13435,CUSTOMER
13225,Dean Katz,0,13225,13225,CUSTOMER
18430,Nathan Gelder,0,18430,18430,CUSTOMER
18190,Mike Vittorini,0,18190,18190,CUSTOMER
15115,Jack Garza,Des Moines,15115,15115,CUSTOMER
11095,Bart Pistole,Peoria,11095,11095,CUSTOMER
21730,Victor Preis,Las Vegas,21730,21730,CUSTOMER
20140,Saphhira Shifley,Warwick,20140,20140,CUSTOMER
10675,Anna Gayman,0,10675,10675,CUSTOMER
17185,Luke Foster,Miami,17185,17185,CUSTOMER
19840,Roy Französisch,0,19840,19840,CUSTOMER
16510,Keith Herrera,0,16510,16510,CUSTOMER
16675,Kimberly Carter,0,16675,16675,CUSTOMER
12010,Caroline Jumper,Huntington Beach,12010,12010,CUSTOMER
19150,Philip Brown,0,19150,19150,CUSTOMER
17965,Michael Paige,Lawrence,17965,17965,CUSTOMER
18385,Natalie Fritzler,0,18385,18385,CUSTOMER
20485,Shirley Daniels,New Rochelle,20485,20485,CUSTOMER
16630,Ken Heidel,0,16630,16630,CUSTOMER
19795,Ross Baird,Gastonia,19795,19795,CUSTOMER
18160,Mike Kennedy,Jacksonville,18160,18160,CUSTOMER
19180,Philisse Overcash,0,19180,19180,CUSTOMER
11545,Brenda Bowman,0,11545,11545,CUSTOMER
21595,Troy Blackwell,0,21595,21595,CUSTOMER
19360,Raymond Buch,Auburn,19360,19360,CUSTOMER
13705,Ed Braxton,0,13705,13705,CUSTOMER
20095,Sanjit Chand,0,20095,20095,CUSTOMER
21040,Tanja Norvell,0,21040,21040,CUSTOMER
15940,Joni Sundaresam,Park Ridge,15940,15940,CUSTOMER
17785,Maya Herman,Lindenhurst,17785,17785,CUSTOMER
15520,Jeremy Pistek,0,15520,15520,CUSTOMER
15475,Jeremy Ellison,0,15475,15475,CUSTOMER
15805,John Grady,0,15805,15805,CUSTOMER
21865,Xylona Preis,0,21865,21865,CUSTOMER
14065,Erin Mull,0,14065,14065,CUSTOMER
18070,Michelle Tran,0,18070,18070,CUSTOMER
20830,Sue Ann Reed,0,20830,20830,CUSTOMER
11905,Carl Weiss,Huntsville,11905,11905,CUSTOMER
10960,Astrea Jones,0,10960,10960,CUSTOMER
20590,Sonia Sunley,0,20590,20590,CUSTOMER
19780,Rose O'Brian,0,19780,19780,CUSTOMER
17350,Maribeth Dona,Fayetteville,17350,17350,CUSTOMER
17380,Maribeth Yedwab,Parker,17380,17380,CUSTOMER
12385,Christopher Martinez,Atlanta,12385,12385,CUSTOMER
17245,Lynn Smith,Gladstone,17245,17245,CUSTOMER
11515,Bradley Nguyen,0,11515,11515,CUSTOMER
13210,Dean Braden,0,13210,13210,CUSTOMER
17605,Matt Connell,0,17605,17605,CUSTOMER
11605,Brian Dahlen,0,11605,11605,CUSTOMER
18790,Patricia Hirasaki,Lakeland,18790,18790,CUSTOMER
18145,Mike Gockenbach,0,18145,18145,CUSTOMER
16240,Karen Bern,0,16240,16240,CUSTOMER
15340,Jasper Cacioppo,0,15340,15340,CUSTOMER
19615,Rob Lucas,Montgomery,19615,19615,CUSTOMER
10375,Allen Armold,Mesa,10375,10375,CUSTOMER
13915,Emily Phan,0,13915,13915,CUSTOMER
12985,Darren Koutras,0,12985,12985,CUSTOMER
11500,Bradley Drucker,Green Bay,11500,11500,CUSTOMER
17065,Liz MacKendrick,0,17065,17065,CUSTOMER
10135,Adrian Shami,0,10135,10135,CUSTOMER
11320,Bill Donatelli,0,11320,11320,CUSTOMER
14710,Greg Tran,0,14710,14710,CUSTOMER
10945,Ashley Jarboe,0,10945,10945,CUSTOMER
18730,Olvera Toch,0,18730,18730,CUSTOMER
17080,Liz Pelletier,0,17080,17080,CUSTOMER
12775,Cynthia Arntzen,0,12775,12775,CUSTOMER
15490,Jeremy Farry,0,15490,15490,CUSTOMER
14320,Frank Preis,0,14320,14320,CUSTOMER
13840,Ellis Ballard,0,13840,13840,CUSTOMER
15415,Jennifer Ferguson,0,15415,15415,CUSTOMER
20200,Sarah Foster,Marysville,20200,20200,CUSTOMER
21640,Trudy Glocke,0,21640,21640,CUSTOMER
11950,Carlos Soltero,0,11950,11950,CUSTOMER
12145,Charles Crestani,0,12145,12145,CUSTOMER
13465,Dianna Vittorini,0,13465,13465,CUSTOMER
11725,Bruce Degenhardt,0,11725,11725,CUSTOMER
21910,Zuschuss Carroll,Salem,21910,21910,CUSTOMER
17830,Melanie Seite,Laredo,17830,17830,CUSTOMER
16915,Lena Radford,0,16915,16915,CUSTOMER
21130,Theone Pippenger,0,21130,21130,CUSTOMER
12205,Chloris Kastensmidt,0,12205,12205,CUSTOMER
10240,Alan Shonely,0,10240,10240,CUSTOMER
10510,Andrew Roberts,0,10510,10510,CUSTOMER
18655,Nona Balk,0,18655,18655,CUSTOMER
14590,Giulietta Dortch,0,14590,14590,CUSTOMER
12595,Clytie Kelty,Grove City,12595,12595,CUSTOMER
18355,Nat Gilpin,0,18355,18355,CUSTOMER
12265,Christina Anderson,0,12265,12265,CUSTOMER
20965,Sylvia Foulston,Dearborn,20965,20965,CUSTOMER
17800,Meg O'Connel,0,17800,17800,CUSTOMER
10735,Annie Thurman,0,10735,10735,CUSTOMER
14380,Fred McMath,0,14380,14380,CUSTOMER
13420,Denny Joy,Warner Robins,13420,13420,CUSTOMER
17725,Max Engle,0,17725,17725,CUSTOMER
16150,Justin Deggeller,0,16150,16150,CUSTOMER
15835,John Lee,Mission Viejo,15835,15835,CUSTOMER
20305,Sean Christensen,Rochester Hills,20305,20305,CUSTOMER
12430,Chuck Clark,0,12430,12430,CUSTOMER
10825,Anthony Rawles,Vancouver,10825,10825,CUSTOMER
20740,Steven Roelle,0,20740,20740,CUSTOMER
12730,Craig Reiter,0,12730,12730,CUSTOMER
14125,Eugene Hildebrand,0,14125,14125,CUSTOMER
20545,Sibella Parks,0,20545,20545,CUSTOMER
21235,Tiffany House,0,21235,21235,CUSTOMER
19390,Resi Pölking,Cleveland,19390,19390,CUSTOMER
19570,Rob Beeghly,0,19570,19570,CUSTOMER
11980,Carol Darley,Tyler,11980,11980,CUSTOMER
13630,Doug Jacobs,0,13630,13630,CUSTOMER
14635,Grant Thornton,Burlington,14635,14635,CUSTOMER
17845,Michael Chen,0,17845,17845,CUSTOMER
19285,Ralph Arnett,0,19285,19285,CUSTOMER
18325,Naresj Patel,Waynesboro,18325,18325,CUSTOMER
10165,Alan Barnes,0,10165,10165,CUSTOMER
15550,Jesus Ocampo,Chester,15550,15550,CUSTOMER
15370,Jay Kimmel,0,15370,15370,CUSTOMER
11470,Brad Norvell,Cary,11470,11470,CUSTOMER
13165,David Philippe,0,13165,13165,CUSTOMER
21550,Tracy Hopkins,0,21550,21550,CUSTOMER
10915,Arthur Prichep,Palm Coast,10915,10915,CUSTOMER
19765,Roland Schwarz,Mount Vernon,19765,19765,CUSTOMER
20365,Seth Vernon,0,20365,20365,CUSTOMER
12325,Christine Kargatis,0,12325,12325,CUSTOMER
19810,Ross DeVincentis,0,19810,19810,CUSTOMER
17545,Mathew Reese,0,17545,17545,CUSTOMER
20695,Steve Chapman,Hialeah,20695,20695,CUSTOMER
15355,Jay Fein,0,15355,15355,CUSTOMER
13900,Emily Grady,Oceanside,13900,13900,CUSTOMER
13030,Darrin Sayre,0,13030,13030,CUSTOMER
19195,Phillina Ober,0,19195,19195,CUSTOMER
20875,Sung Shariari,0,20875,20875,CUSTOMER
19105,Peter Bühler,Evanston,19105,19105,CUSTOMER
19735,Roland Fjeld,Trenton,19735,19735,CUSTOMER
21895,Yoseph Carroll,0,21895,21895,CUSTOMER
13285,Debra Catini,Cottage Grove,13285,13285,CUSTOMER
12340,Christine Phan,0,12340,12340,CUSTOMER
11020,Barry Französisch,0,11020,11020,CUSTOMER
17020,Lisa Hazard,0,17020,17020,CUSTOMER
12250,Chris Selesnick,Bossier City,12250,12250,CUSTOMER
10795,Anthony Johnson,0,10795,10795,CUSTOMER
11245,Benjamin Venier,0,11245,11245,CUSTOMER
12865,Dan Lawera,0,12865,12865,CUSTOMER
11785,Bryan Mills,0,11785,11785,CUSTOMER
17110,Liz Thompson,0,17110,17110,CUSTOMER
15730,Joe Kamberova,Asheville,15730,15730,CUSTOMER
14020,Erica Smith,0,14020,14020,CUSTOMER
19495,Rick Hansen,0,19495,19495,CUSTOMER
11920,Carlos Daly,Lake Elsinore,MOVEIADMIN,MOVEIADMIN,MOVEIADMIN
14935,Helen Wasserman,0,14935,14935,CUSTOMER
18130,Mike Caudle,0,18130,18130,CUSTOMER
14440,Gary McGarr,0,14440,14440,CUSTOMER
19015,Pauline Johnson,Santa Ana,19015,19015,CUSTOMER
11110,Bart Watters,Milwaukee,11110,11110,CUSTOMER
21325,Toby Ritter,0,21325,21325,CUSTOMER
18820,Patrick Gardner,0,18820,18820,CUSTOMER
15175,James Lanier,0,15175,15175,CUSTOMER
11650,Brian Moss,0,11650,11650,CUSTOMER
14095,Eudokia Martin,0,14095,14095,CUSTOMER
10885,Art Foster,0,10885,10885,CUSTOMER
14725,Guy Armstrong,Lorain,14725,14725,CUSTOMER
12760,Cyma Kinney,Linden,12760,12760,CUSTOMER
13105,Dave Poirier,Salinas,13105,13105,CUSTOMER
11260,Berenike Kampe,0,11260,11260,CUSTOMER
20125,Sanjit Jacobs,New Brunswick,20125,20125,CUSTOMER
12445,Chuck Magee,0,12445,12445,CUSTOMER
10780,Anthony Jacobs,0,10780,10780,CUSTOMER
16945,Linda Southworth,0,16945,16945,CUSTOMER
14740,Guy Phonely,0,14740,14740,CUSTOMER
18910,Paul Knutson,0,18910,18910,CUSTOMER
20005,Sally Matthias,0,20005,20005,CUSTOMER
10765,Anthony Garverick,0,10765,10765,CUSTOMER
19135,Peter McVee,0,19135,19135,CUSTOMER
16840,Lauren Leatherbury,0,16840,16840,CUSTOMER
15595,Jill Stevenson,0,15595,15595,CUSTOMER
13735,Ed Ludwig,0,13735,13735,CUSTOMER
18745,Pamela Coakley,0,18745,18745,CUSTOMER
15040,Hunter Lopez,0,15040,15040,CUSTOMER
17365,Maribeth Schnelling,0,17365,17365,CUSTOMER
14530,George Bell,0,14530,14530,CUSTOMER
16210,Justin Ritter,0,16210,16210,CUSTOMER
11335,Bill Eplett,0,11335,11335,CUSTOMER
20050,Sample Company A,Norwich,20050,20050,CUSTOMER
19630,Rob Williams,0,19630,19630,CUSTOMER
20110,Sanjit Engle,0,20110,20110,CUSTOMER
10075,Adam Hart,0,10075,10075,CUSTOMER
15535,Jessica Myrick,0,15535,15535,CUSTOMER
15760,Joel Jenkins,0,15760,15760,CUSTOMER
19300,Ralph Kennedy,0,19300,19300,CUSTOMER
12040,Catherine Glotzbach,0,12040,12040,CUSTOMER
19270,Rachel Payne,Riverside,19270,19270,CUSTOMER
16255,Karen Carlisle,0,16255,16255,CUSTOMER
16360,Katherine Hughes,0,16360,16360,CUSTOMER
14665,Greg Hansen,Round Rock,14665,14665,CUSTOMER
20275,Scott Williamson,0,20275,20275,CUSTOMER
15970,Joseph Airdo,0,15970,15970,CUSTOMER
12925,Daniel Lacy,0,12925,12925,CUSTOMER
16990,Lindsay Williams,0,16990,16990,CUSTOMER
21190,Thomas Brumley,0,21190,21190,CUSTOMER
11800,Bryan Spruell,0,11800,11800,CUSTOMER
19690,Robert Waldorf,0,19690,19690,CUSTOMER
21580,Tracy Zic,0,21580,21580,CUSTOMER
10630,Ann Steele,0,10630,10630,CUSTOMER
21340,Toby Swindell,0,21340,21340,CUSTOMER
20155,Sara Luxemburg,0,20155,20155,CUSTOMER
18235,Mitch Willingham,Virginia Beach,18235,18235,CUSTOMER
19585,Rob Dowd,0,19585,19585,CUSTOMER
19945,Ryan Akin,Murrieta,19945,19945,CUSTOMER
17815,Meg Tillman,0,17815,17815,CUSTOMER
21790,Vivek Gonzalez,0,21790,21790,CUSTOMER
15880,John Stevenson,0,15880,15880,CUSTOMER
16225,Kalyca Meade,0,16225,16225,CUSTOMER
14770,Hallie Redmond,0,14770,14770,CUSTOMER
13255,Deanra Eno,0,13255,13255,CUSTOMER
10390,Allen Goldenen,0,10390,10390,CUSTOMER
15445,Jennifer Jackson,0,15445,15445,CUSTOMER
15430,Jennifer Halladay,0,15430,15430,CUSTOMER
19660,Robert Dilbeck,Saint Peters,19660,19660,CUSTOMER
17500,Mary O'Rourke,0,17500,17500,CUSTOMER
18640,Noel Staavos,0,18640,18640,CUSTOMER
13300,Deirdre Greer,0,13300,13300,CUSTOMER
18595,Nicole Fjeld,0,18595,18595,CUSTOMER
17650,Matthew Grinstein,0,17650,17650,CUSTOMER
21160,Theresa Swint,0,21160,21160,CUSTOMER
11620,Brian DeCherney,0,11620,11620,CUSTOMER
12160,Charles McCrossin,Brownsville,12160,12160,CUSTOMER
20560,Skye Norling,0,20560,20560,CUSTOMER
14005,Erica Hernandez,0,14005,14005,CUSTOMER
14305,Frank Olsen,0,14305,14305,CUSTOMER
17710,Maurice Satty,0,17710,17710,CUSTOMER
12100,Chad Cunningham,0,12100,12100,CUSTOMER
13540,Don Weiss,0,13540,13540,CUSTOMER
11395,Bill Tyler,0,11395,11395,CUSTOMER
12745,Craig Yedwab,Oakland,12745,12745,CUSTOMER
11485,Brad Thomas,Clinton,11485,11485,CUSTOMER
19045,Penelope Sewall,0,19045,19045,CUSTOMER
18985,Paul Van Hugh,0,18985,18985,CUSTOMER
18520,Neoma Murray,0,18520,18520,CUSTOMER
13495,Dionis Lloyd,0,13495,13495,CUSTOMER
12355,Christine Sundaresam,Roswell,12355,12355,CUSTOMER
14275,Frank Hawley,La Porte,14275,14275,CUSTOMER
18340,Nat Carroll,Lansing,18340,18340,CUSTOMER
10315,Alex Avila,0,10315,10315,CUSTOMER
16765,Larry Tron,Escondido,16765,16765,CUSTOMER
10720,Anne Pryor,0,10720,10720,CUSTOMER
18940,Paul MacIntyre,0,18940,18940,CUSTOMER
10435,Alyssa Tate,0,10435,10435,CUSTOMER
12055,Cathy Armstrong,0,12055,12055,CUSTOMER
14830,Harold Ryan,0,14830,14830,CUSTOMER
11530,Bradley Talbott,0,11530,11530,CUSTOMER
16750,Larry Hughes,0,16750,16750,CUSTOMER
20755,Steven Ward,0,20755,20755,CUSTOMER
20620,Stefania Perrino,0,20620,20620,CUSTOMER
11170,Ben Ferrer,0,11170,11170,CUSTOMER
16480,Kean Thornton,Buffalo,16480,16480,CUSTOMER
11695,Brooke Gillingham,0,11695,11695,CUSTOMER
14680,Greg Matthias,0,14680,14680,CUSTOMER
14155,Eva Jacobs,Gulfport,14155,14155,CUSTOMER
18700,Nora Preis,Fresno,18700,18700,CUSTOMER
18115,Mick Hernandez,0,18115,18115,CUSTOMER
15700,Jocasta Rupert,0,15700,15700,CUSTOMER
20950,Suzanne McNair,Greenville,20950,20950,CUSTOMER
12220,Chris Cortes,0,12220,12220,CUSTOMER
19225,Phillip Flathmann,0,19225,19225,CUSTOMER
12850,Dan Campbell,0,12850,12850,CUSTOMER
11770,Bryan Davis,0,11770,11770,CUSTOMER
14500,Gene McClure,Providence,14500,14500,CUSTOMER
21355,Todd Boyes,0,21355,21355,CUSTOMER
16180,Justin Hirsh,Pueblo,16180,16180,CUSTOMER
13975,Erica Bern,0,13975,13975,CUSTOMER
19255,Quincy Jones,0,19255,19255,CUSTOMER
21535,Tracy Collins,0,21535,21535,CUSTOMER
12460,Chuck Sachs,0,12460,12460,CUSTOMER
14965,Henry Goldwyn,0,14965,14965,CUSTOMER
16825,Laurel Workman,Deltona,16825,16825,CUSTOMER
17575,Matt Collins,0,17575,17575,CUSTOMER
17095,Liz Preis,Murray,17095,17095,CUSTOMER
14170,Evan Bailliet,0,14170,14170,CUSTOMER
14545,George Zrebassa,0,14545,14545,CUSTOMER
12085,Cathy Prescott,0,12085,12085,CUSTOMER
14260,Frank Gastineau,0,14260,14260,CUSTOMER
17005,Lisa DeCherney,0,17005,17005,CUSTOMER
10255,Alejandro Ballentine,0,10255,10255,CUSTOMER
17935,Michael Nguyen,0,17935,17935,CUSTOMER
15670,Jim Radford,Middletown,15670,15670,CUSTOMER
15190,Jamie Frazer,0,15190,15190,CUSTOMER
12115,Chad McGuire,0,12115,12115,CUSTOMER
10045,Aaron Smayling,0,10045,10045,CUSTOMER
11290,Beth Paige,0,11290,11290,CUSTOMER
18370,Natalie DeCherney,0,18370,18370,CUSTOMER
16735,Larry Blacks,0,16735,16735,CUSTOMER
16465,Kean Takahito,0,16465,16465,CUSTOMER
14860,Harry Marie,0,14860,14860,CUSTOMER
10600,Ann Blume,0,10600,10600,CUSTOMER
20035,Sam Zeldin,Pico Rivera,20035,20035,CUSTOMER
17890,Michael Granlund,0,17890,17890,CUSTOMER
16120,Julie Kriz,0,16120,16120,CUSTOMER
18955,Paul Prost,Smyrna,18955,18955,CUSTOMER
21880,Yana Sorensen,0,21880,21880,CUSTOMER
16375,Katherine Murray,0,16375,16375,CUSTOMER
10105,Adrian Barton,0,10105,10105,CUSTOMER
14905,Helen Abelman,0,14905,14905,CUSTOMER
11305,Beth Thompson,0,11305,11305,CUSTOMER
20815,Stuart Van,0,20815,20815,CUSTOMER
19540,Rick Wilson,0,19540,19540,CUSTOMER
12835,Damala Kotsonis,0,12835,12835,CUSTOMER
20530,Shui Tom,Parma,20530,20530,CUSTOMER
17920,Michael Moore,0,17920,17920,CUSTOMER
19030,Pauline Webber,0,19030,19030,CUSTOMER
20440,Shaun Chance,0,20440,20440,CUSTOMER
21085,Thais Sissman,0,21085,21085,CUSTOMER
17425,Mark Cousins,Mobile,17425,17425,CUSTOMER
17320,Maria Etezadi,0,17320,17320,CUSTOMER
18610,Nicole Hansen,Irving,18610,18610,CUSTOMER
18085,Mick Brown,Vineland,18085,18085,CUSTOMER
16495,Keith Dawkins,0,16495,16495,CUSTOMER
16390,Katherine Nockton,0,16390,16390,CUSTOMER
18685,Nora Pelletier,Niagara Falls,18685,18685,CUSTOMER
12505,Cindy Stewart,Thomasville,12505,12505,CUSTOMER
17770,Maxwell Schwartz,0,17770,17770,CUSTOMER
12655,Corinna Mitchell,0,12655,12655,CUSTOMER
12640,Corey-Lock,0,12640,12640,CUSTOMER
21370,Todd Sumrall,0,21370,21370,CUSTOMER
15220,Jane Waco,0,15220,15220,CUSTOMER
15790,John Dryer,Coppell,15790,15790,CUSTOMER
19000,Pauline Chand,0,19000,19000,CUSTOMER
10540,Andy Reiter,0,10540,10540,CUSTOMER
10855,Arianne Irving,0,10855,10855,CUSTOMER
21400,Tom Boeckenhauer,0,21400,21400,CUSTOMER
18925,Paul Lucas,0,18925,18925,CUSTOMER
14425,Gary Hwang,0,14425,14425,CUSTOMER
18175,Mike Pelletier,Laguna Niguel,18175,18175,CUSTOMER
15655,Jim Mitchum,Bridgeton,15655,15655,CUSTOMER
11890,Carl Ludwig,Everett,11890,11890,CUSTOMER
13270,Deborah Brumfield,0,13270,13270,CUSTOMER
15085,Ivan Gibson,0,15085,15085,CUSTOMER
11425,Bobby Odegard,0,11425,11425,CUSTOMER
10150,Aimee Bixby,0,10150,10150,CUSTOMER
16075,Julia West,0,16075,16075,CUSTOMER
13750,Edward Becker,0,13750,13750,CUSTOMER
20470,Sheri Gordon,0,20470,20470,CUSTOMER
12190,Charlotte Melton,0,12190,12190,CUSTOMER
10840,Anthony Witt,Allen,10840,10840,CUSTOMER
18100,Mick Crebagga,El Paso,18100,18100,CUSTOMER
21460,Tonja Turnell,0,21460,21460,CUSTOMER
21805,Vivek Grady,0,21805,21805,CUSTOMER
18295,Muhammed Yedwab,Grapevine,18295,18295,CUSTOMER
19480,Rick Duston,0,19480,19480,CUSTOMER
13390,Dennis Pardue,0,13390,13390,CUSTOMER
17395,Marina Lichtenstein,0,17395,17395,CUSTOMER
15385,Jenna Caffey,Kent,15385,15385,CUSTOMER
15160,James Galang,0,15160,15160,CUSTOMER
17275,Marc Crier,Lafayette,17275,17275,CUSTOMER
18400,Natalie Webber,Tigard,18400,18400,CUSTOMER
21280,Toby Braunhardt,0,21280,21280,CUSTOMER
11380,Bill Stewart,Skokie,11380,11380,CUSTOMER
15010,Hilary Holden,0,15010,15010,CUSTOMER
12280,Christina DeMoss,0,12280,12280,CUSTOMER
21100,Thea Hendricks,0,21100,21100,CUSTOMER
18055,Michelle Moray,0,18055,18055,CUSTOMER
18505,Neola Schneider,0,18505,18505,CUSTOMER
19645,Robert Barroso,0,19645,19645,CUSTOMER
20455,Shaun Weien,Suffolk,20455,20455,CUSTOMER
13930,Eric Barreto,0,13930,13930,CUSTOMER
18760,Pamela Stobb,0,18760,18760,CUSTOMER
14995,Herbert Flentye,Indianapolis,14995,14995,CUSTOMER
14950,Henia Zydlo,0,14950,14950,CUSTOMER
12790,Cynthia Delaney,0,12790,12790,CUSTOMER
15205,Jamie Kunitz,0,15205,15205,CUSTOMER
14215,Filia McAdams,0,14215,14215,CUSTOMER
13885,Emily Ducich,0,13885,13885,CUSTOMER
13450,Dianna Arnett,0,13450,13450,CUSTOMER
15955,Joni Wasserman,0,15955,15955,CUSTOMER
19375,Raymond Messe,0,19375,19375,CUSTOMER
17755,Max Ludwig,0,17755,17755,CUSTOMER
12685,Craig Carroll,Greensboro,12685,12685,CUSTOMER
15610,Jim Epp,0,15610,15610,CUSTOMER
19855,Roy Phan,Kenosha,19855,19855,CUSTOMER
21175,Thomas Boland,0,21175,21175,CUSTOMER
11455,Brad Eason,Olathe,11455,11455,CUSTOMER
15565,Jill Fjeld,0,15565,15565,CUSTOMER
19210,Phillip Breyer,Tulsa,19210,19210,CUSTOMER
11680,Brian Thompson,0,11680,11680,CUSTOMER
15235,Janet Lee,0,15235,15235,CUSTOMER
12070,Cathy Hwang,Raleigh,12070,12070,CUSTOMER
18460,Neil Ducich,0,18460,18460,CUSTOMER
10975,Barbara Fisher,0,10975,10975,CUSTOMER
16330,Katharine Harms,Bowling Green,16330,16330,CUSTOMER
14605,Giulietta Weimer,0,14605,14605,CUSTOMER
18625,Noah Childs,0,18625,18625,CUSTOMER
18010,Michelle Ellison,0,18010,18010,CUSTOMER
11230,Benjamin Patterson,Spokane,11230,11230,CUSTOMER
15775,John Castell,0,15775,15775,CUSTOMER
10090,Adam Shillingsburg,Charlottesville,10090,10090,CUSTOMER
10450,Amy Cox,0,10450,10450,CUSTOMER
17860,Michael Dominguez,0,17860,17860,CUSTOMER
13660,Duane Benoit,0,13660,13660,CUSTOMER
13990,Erica Hackney,0,13990,13990,CUSTOMER
13765,Edward Hooks,0,13765,13765,CUSTOMER
20230,Scot Coram,0,20230,20230,CUSTOMER
15715,Joe Elijah,Broomfield,15715,15715,CUSTOMER
10615,Ann Chong,0,10615,10615,CUSTOMER
16015,Joy Daniels,0,16015,16015,CUSTOMER
12415,Christy Brittain,0,12415,12415,CUSTOMER
16030,Joy Smith,0,16030,16030,CUSTOMER
17215,Luke Weiss,0,17215,17215,CUSTOMER
20800,Stuart Calhoun,0,20800,20800,CUSTOMER
10705,Anne McFarland,0,10705,10705,CUSTOMER
19510,Rick Huthwaite,0,19510,19510,CUSTOMER
11995,Carol Triggs,0,11995,11995,CUSTOMER
17590,Matt Collister,Perth Amboy,17590,17590,CUSTOMER
12610,Corey Catlett,0,12610,12610,CUSTOMER
16525,Kelly Andreada,Ontario,16525,16525,CUSTOMER
20980,Tamara Chand,0,20980,20980,CUSTOMER
11080,Bart Folk,0,11080,11080,CUSTOMER
17260,Magdelene Morse,0,17260,17260,CUSTOMER
10120,Adrian Hane,0,10120,10120,CUSTOMER
11200,Ben Wallace,0,11200,11200,CUSTOMER
20245,Scot Wooten,Stockton,20245,20245,CUSTOMER
11665,Brian Stugart,0,11665,11665,CUSTOMER
19345,Randy Ferguson,0,19345,19345,CUSTOMER
21850,William Brown,0,21850,21850,CUSTOMER
21625,Trudy Brown,0,21625,21625,CUSTOMER
10870,Art Ferguson,College Station,10870,10870,CUSTOMER
19435,Richard Bierner,Saint Louis,19435,19435,CUSTOMER
16285,Karen Ferguson,Manteca,16285,16285,CUSTOMER
15820,John Huston,0,15820,15820,CUSTOMER
15100,Ivan Liston,0,15100,15100,CUSTOMER
18805,Patrick Bzostek,Salt Lake City,18805,18805,CUSTOMER
19600,Rob Haberlin,0,19600,19600,CUSTOMER
10930,Arthur Wiediger,0,10930,10930,CUSTOMER
17410,Maris LaWare,0,17410,17410,CUSTOMER
13555,Dorothy Badders,0,13555,13555,CUSTOMER
17620,Matt Hagelstein,0,17620,17620,CUSTOMER
13375,Dennis Kane,Marion,13375,13375,CUSTOMER
11440,Bobby Trafton,Littleton,11440,11440,CUSTOMER
13405,Denny Blanton,0,13405,13405,CUSTOMER
21310,Toby Gnade,0,21310,21310,CUSTOMER
11005,Barry Franz,0,11005,11005,CUSTOMER
16195,Justin MacKendrick,0,16195,16195,CUSTOMER
17335,Maria Zettner,0,17335,17335,CUSTOMER
18220,Mitch Webber,0,18220,18220,CUSTOMER
17485,Mark Van Huff,0,17485,17485,CUSTOMER
20320,Sean Miller,0,20320,20320,CUSTOMER
21415,Tom Prescott,0,21415,21415,CUSTOMER
15625,Jim Karlsson,0,15625,15625,CUSTOMER
18835,Patrick Jones,0,18835,18835,CUSTOMER
19420,Ricardo Sperren,0,19420,19420,CUSTOMER
20935,Susan Vittorini,0,20935,20935,CUSTOMER
11125,Becky Castell,0,11125,11125,CUSTOMER
13825,Elizabeth Moffitt,Sioux Falls,13825,13825,CUSTOMER
11575,Brendan Murry,0,11575,11575,CUSTOMER
16705,Kristina Nunn,Fort Collins,16705,16705,CUSTOMER
16570,Kelly Williams,Clarksville,16570,16570,CUSTOMER
20260,Scott Cohen,0,20260,20260,CUSTOMER
12295,Christina VanderZanden,0,12295,12295,CUSTOMER
20605,Speros Goranitis,0,20605,20605,CUSTOMER
21010,Tamara Manning,0,21010,21010,CUSTOMER
13810,Eleni McCrary,0,13810,13810,CUSTOMER
18040,Michelle Lonsdale,Albuquerque,18040,18040,CUSTOMER
12580,Clay Rozendal,Elmhurst,12580,12580,CUSTOMER
10750,Annie Zypern,0,10750,10750,CUSTOMER
19240,Pierre Wener,0,19240,19240,CUSTOMER
20380,Shahid Collister,0,20380,20380,CUSTOMER
11935,Carlos Meador,0,11935,11935,CUSTOMER
14695,Greg Maxwell,0,14695,14695,CUSTOMER
21250,Tim Brockman,0,21250,21250,CUSTOMER
15865,John Murray,Jamestown,15865,15865,CUSTOMER
20575,Sonia Cooley,Mishawaka,20575,20575,CUSTOMER
17200,Luke Schmidt,0,17200,17200,CUSTOMER
19315,Ralph Ritter,0,19315,19315,CUSTOMER
12910,Daniel Byrd,0,12910,12910,CUSTOMER
21220,Thomas Thornton,0,21220,21220,CUSTOMER
17170,Lori Olson,La Quinta,17170,17170,CUSTOMER
16615,Ken Dana,0,16615,16615,CUSTOMER
18580,Nicole Brennan,0,18580,18580,CUSTOMER
11635,Brian Derr,0,11635,11635,CUSTOMER
12235,Chris McAfee,0,12235,12235,CUSTOMER
13780,Edward Nazzal,0,13780,13780,CUSTOMER
16450,Kean Nguyen,0,16450,16450,CUSTOMER
11350,Bill Overfelt,0,11350,11350,CUSTOMER
10300,Aleksandra Gannaway,0,10300,10300,CUSTOMER
17635,Matthew Clasen,0,17635,17635,CUSTOMER
21385,Tom Ashbrook,0,21385,21385,CUSTOMER
15295,Jason Fortune-,0,15295,15295,CUSTOMER
21265,Tim Taslimi,0,21265,21265,CUSTOMER
20170,Sarah Bern,0,20170,20170,CUSTOMER
12700,Craig Leslie,0,12700,12700,CUSTOMER
15025,Hunter Glantz,0,15025,15025,CUSTOMER
18310,Nancy Lomonaco,0,18310,18310,CUSTOMER
19525,Rick Reed,0,19525,19525,CUSTOMER
21295,Toby Carlisle,0,21295,21295,CUSTOMER
20785,Stewart Visinsky,0,20785,20785,CUSTOMER
11410,Bobby Elias,0,11410,11410,CUSTOMER
20680,Steve Carroll,0,20680,20680,CUSTOMER
13135,David Flashing,0,13135,13135,CUSTOMER
14350,Fred Harton,0,14350,14350,CUSTOMER
17530,MaryBeth Skach,0,17530,17530,CUSTOMER
19555,Ritsa Hightower,0,19555,19555,CUSTOMER
14515,George Ashbrook,0,14515,14515,CUSTOMER
16135,Julie Prescott,0,16135,16135,CUSTOMER
13240,Dean percer,0,13240,13240,CUSTOMER
17950,Michael Oakman,0,17950,17950,CUSTOMER
13330,Denise Leinenbach,0,13330,13330,CUSTOMER
18025,Michelle Huthwaite,0,18025,18025,CUSTOMER
12940,Daniel Raglin,0,12940,12940,CUSTOMER
13015,Darrin Martin,0,13015,13015,CUSTOMER
11965,Carol Adams,0,11965,11965,CUSTOMER
10660,Anna Chung,0,10660,10660,CUSTOMER
13345,Denise Monton,0,13345,13345,CUSTOMER
21715,Vicky Freymann,0,21715,21715,CUSTOMER
12370,Christopher Conant,0,12370,12370,CUSTOMER
11275,Beth Fritzler,0,11275,11275,CUSTOMER
14845,Harry Greene,Lake Charles,14845,14845,CUSTOMER
11155,Becky Pak,0,11155,11155,CUSTOMER
14140,Eugene Moren,0,14140,14140,CUSTOMER
17995,Michelle Arnett,0,17995,17995,CUSTOMER
10555,Andy Yotov,0,10555,10555,CUSTOMER
14575,Giulietta Baptist,0,14575,14575,CUSTOMER
16045,Julia Barnett,0,16045,16045,CUSTOMER
17875,Michael Grace,0,17875,17875,CUSTOMER
20425,Sharelle Roach,0,20425,20425,CUSTOMER
16000,Joy Bell-,0,16000,16000,CUSTOMER
12955,Dario Medina,0,12955,12955,CUSTOMER
21475,Tony Chapman,0,21475,21475,CUSTOMER
20350,Sean Wendt,0,20350,20350,CUSTOMER
19450,Richard Eichhorn,0,19450,19450,CUSTOMER
11215,Benjamin Farhat,0,11215,11215,CUSTOMER
16405,Katrina Bavinger,0,16405,16405,CUSTOMER
15310,Jason Gross,0,15310,15310,CUSTOMER
14050,Erin Creighton,0,14050,14050,CUSTOMER
14110,Eugene Barchas,0,14110,14110,CUSTOMER
15460,Jennifer Patt,0,15460,15460,CUSTOMER
11845,Cari Sayre,0,11845,11845,CUSTOMER
14410,Gary Hansen,0,14410,14410,CUSTOMER
19090,Pete Takahito,0,19090,19090,CUSTOMER
15130,Jack Lebron,0,15130,15130,CUSTOMER
10030,Aaron Hawkins,0,10030,10030,CUSTOMER
12475,Cindy Chapman,0,12475,12475,CUSTOMER
13195,David Wiener,0,13195,13195,CUSTOMER
20215,Sarah Jordon,0,20215,20215,CUSTOMER
11740,Bruce Geld,0,11740,11740,CUSTOMER
16795,Laurel Beltran,0,16795,16795,CUSTOMER
11815,Candace McMahon,0,11815,11815,CUSTOMER
14185,Evan Henry,0,14185,14185,CUSTOMER
21505,Tony Sayre,0,21505,21505,CUSTOMER
18880,Patrick Ryan,0,18880,18880,CUSTOMER
17050,Liz Carlisle,0,17050,17050,CUSTOMER
12490,Cindy Schnelling,Conroe,12490,12490,CUSTOMER
13075,Dave Hallsten,0,13075,13075,CUSTOMER
15145,Jack O'Briant,0,15145,15145,CUSTOMER
10690,Anna Häberlin,0,10690,10690,CUSTOMER
14875,Heather Jas,0,14875,14875,CUSTOMER
17455,Mark Hamilton,0,17455,17455,CUSTOMER
19930,Russell D'Ascenzo,0,19930,19930,CUSTOMER
20020,Sam Craven,0,20020,20020,CUSTOMER
20665,Stephanie Ulpright,0,20665,20665,CUSTOMER
14335,Fred Chung,0,14335,14335,CUSTOMER
19330,Randy Bradley,0,19330,19330,CUSTOMER
18535,Nick Crebassa,0,18535,18535,CUSTOMER
12970,Darren Budd,0,12970,12970,CUSTOMER
17665,Maureen Fritzler,0,17665,17665,CUSTOMER
19750,Roland Murray,0,19750,19750,CUSTOMER
21835,Vivian Mathis,0,21835,21835,CUSTOMER
13720,Ed Jacobs,0,13720,13720,CUSTOMER
18415,Nathan Cano,0,18415,18415,CUSTOMER
17230,Lycoris Saunders,0,17230,17230,CUSTOMER
16420,Katrina Edelman,0,16420,16420,CUSTOMER
13675,Duane Huffman,0,13675,13675,CUSTOMER
19120,Peter Fuller,0,19120,19120,CUSTOMER
21700,Valerie Takahito,0,21700,21700,CUSTOMER
17695,Maureen Gnade,0,17695,17695,CUSTOMER
20920,Susan Pistek,0,20920,20920,CUSTOMER
12175,Charles Sheldon,0,12175,12175,CUSTOMER
12895,Dana Kaydos,0,12895,12895,CUSTOMER
16660,Khloe Miller,0,16660,16660,CUSTOMER
10645,Anna Andreadi,0,10645,10645,CUSTOMER
13570,Dorothy Dickinson,0,13570,13570,CUSTOMER
10465,Amy Hunt,0,10465,10465,CUSTOMER
21565,Tracy Poddar,0,21565,21565,CUSTOMER
13795,Eileen Kiefer,0,13795,13795,CUSTOMER
12820,Cyra Reiten,0,12820,12820,CUSTOMER
20890,Susan Gilcrest,Mcallen,20890,20890,CUSTOMER
10585,Angele Hood,0,10585,10585,CUSTOMER
18475,Neil Französisch,0,18475,18475,CUSTOMER
11365,Bill Shonely,0,11365,11365,CUSTOMER
20635,Stefanie Holloman,0,20635,20635,CUSTOMER
19720,Roger Demir,Daytona Beach,19720,19720,CUSTOMER
10330,Alex Grayson,0,10330,10330,CUSTOMER
14560,Georgia Rosenberg,0,14560,14560,CUSTOMER
21820,Vivek Sundaresam,0,21820,21820,CUSTOMER
21490,Tony Molinari,0,21490,21490,CUSTOMER
21430,Tom Stivers,0,21430,21430,CUSTOMER
13360,Dennis Bolton,0,13360,13360,CUSTOMER
18550,Nick Radford,0,18550,18550,CUSTOMER
11860,Cari Schnelling,0,11860,11860,CUSTOMER
18250,Monica Federle,0,18250,18250,CUSTOMER
17125,Liz Willingham,0,17125,17125,CUSTOMER
10345,Alex Russell,0,10345,10345,CUSTOMER
16300,Karen Seio,Lehi,16300,16300,CUSTOMER
10015,Aaron Bergman,0,10015,10015,CUSTOMER
17035,Lisa Ryan,0,17035,17035,CUSTOMER
20410,Shahid Shariari,0,20410,20410,CUSTOMER
15580,Jill Matthias,0,15580,15580,CUSTOMER
15325,Jason Klamczynski,0,15325,15325,CUSTOMER
13525,Don Miller,0,13525,13525,CUSTOMER
18265,Muhammed Lee,0,18265,18265,CUSTOMER
17290,Marc Harrigan,0,17290,17290,CUSTOMER
14245,Frank Carlisle,0,14245,14245,CUSTOMER
21115,Thea Hudgings,0,21115,21115,CUSTOMER
16090,Juliana Krohn,0,16090,16090,CUSTOMER
20185,Sarah Brown,0,20185,20185,CUSTOMER
11035,Barry Gonzalez,0,11035,11035,CUSTOMER
11065,Barry Weirich,0,11065,11065,CUSTOMER
18205,Mitch Gastineau,0,18205,18205,CUSTOMER
13645,Doug O'Connell,0,13645,13645,CUSTOMER
11050,Barry Pond,0,11050,11050,CUSTOMER
21655,Trudy Schmidt,0,21655,21655,CUSTOMER
14200,Evan Minnotte,0,14200,14200,CUSTOMER
10810,Anthony O'Donnell,0,10810,10810,CUSTOMER
17440,Mark Haberlin,0,17440,17440,CUSTOMER
20515,Shirley Schmidt,0,20515,20515,CUSTOMER
16855,Lela Donovan,0,16855,16855,CUSTOMER
21760,Victoria Pisteka,0,21760,21760,CUSTOMER
21145,Theresa Coyne,0,21145,21145,CUSTOMER
15055,Ionia McGrath,0,15055,15055,CUSTOMER
10570,Anemone Ratner,0,10570,10570,CUSTOMER
12715,Craig Molinari,0,12715,12715,CUSTOMER
14395,Fred Wasserman,0,14395,14395,CUSTOMER
16960,Lindsay Castell,0,16960,16960,CUSTOMER
14800,Harold Engle,0,14800,14800,CUSTOMER
11560,Brendan Dodson,0,11560,11560,CUSTOMER
14785,Harold Dahlen,0,14785,14785,CUSTOMER
11875,Carl Jackson,0,11875,11875,CUSTOMER
19870,Roy Skaria,0,19870,19870,CUSTOMER
20845,Sung Chung,Arlington Heights,20845,20845,CUSTOMER
19405,Ricardo Emerson,0,19405,19405,CUSTOMER
20905,Susan MacKendrick,0,20905,20905,CUSTOMER
